

//product
insert into product (PRICE, RATING, CREATE_TIME, ID, UPDATE_TIME, BRAND, NAME, PREV_DESC, DESC_IMAGE, IMG) values (551900, 2.2, sysdate, 1, sysdate, 'Brand E', 'Ms', 'http://dummyimage.com/184x100.png/dddddd/000000', 'http://dummyimage.com/103x100.png/dddddd/000000', 'http://dummyimage.com/210x100.png/cc0000/ffffff');
insert into product (PRICE, RATING, CREATE_TIME, ID, UPDATE_TIME, BRAND, NAME, PREV_DESC, DESC_IMAGE, IMG) values (793900, 0.8, sysdate, 2, sysdate, 'Brand D', 'Ms', 'http://dummyimage.com/130x100.png/ff4444/ffffff', 'http://dummyimage.com/114x100.png/5fa2dd/ffffff', 'http://dummyimage.com/139x100.png/ff4444/ffffff');
insert into product (PRICE, RATING, CREATE_TIME, ID, UPDATE_TIME, BRAND, NAME, PREV_DESC, DESC_IMAGE, IMG) values (383300, 4.2, sysdate,  3, sysdate, 'Brand F', 'Dr', 'http://dummyimage.com/186x100.png/ff4444/ffffff', 'http://dummyimage.com/144x100.png/5fa2dd/ffffff', 'http://dummyimage.com/190x100.png/ff4444/ffffff');
insert into product (PRICE, RATING, CREATE_TIME, ID, UPDATE_TIME, BRAND, NAME, PREV_DESC, DESC_IMAGE, IMG) values (124600, 1.3, sysdate, 4, sysdate, 'Brand D', 'Ms', 'http://dummyimage.com/177x100.png/5fa2dd/ffffff', 'http://dummyimage.com/113x100.png/ff4444/ffffff', 'http://dummyimage.com/206x100.png/dddddd/000000');
insert into product (PRICE, RATING, CREATE_TIME, ID, UPDATE_TIME, BRAND, NAME, PREV_DESC, DESC_IMAGE, IMG) values (72200, 5.0, sysdate,  5, sysdate, 'Brand C', 'Mrs', 'http://dummyimage.com/137x100.png/5fa2dd/ffffff', 'http://dummyimage.com/105x100.png/cc0000/ffffff', 'http://dummyimage.com/117x100.png/dddddd/000000');
insert into product (PRICE, RATING, CREATE_TIME, ID, UPDATE_TIME, BRAND, NAME, PREV_DESC, DESC_IMAGE, IMG) values (792500, 3.4, sysdate,  6, sysdate, 'Brand F', 'Mrs', 'http://dummyimage.com/100x100.png/cc0000/ffffff', 'http://dummyimage.com/235x100.png/cc0000/ffffff', 'http://dummyimage.com/151x100.png/ff4444/ffffff');
insert into product (PRICE, RATING, CREATE_TIME, ID, UPDATE_TIME, BRAND, NAME, PREV_DESC, DESC_IMAGE, IMG) values (761800, 4.3, sysdate, 7, sysdate, 'Brand B', 'Ms', 'http://dummyimage.com/238x100.png/dddddd/000000', 'http://dummyimage.com/219x100.png/dddddd/000000', 'http://dummyimage.com/181x100.png/5fa2dd/ffffff');
insert into product (PRICE, RATING, CREATE_TIME, ID, UPDATE_TIME, BRAND, NAME, PREV_DESC, DESC_IMAGE, IMG) values (331400, 3.8, sysdate, 8, sysdate, 'Brand F', 'Rev', 'http://dummyimage.com/135x100.png/5fa2dd/ffffff', 'http://dummyimage.com/175x100.png/dddddd/000000', 'http://dummyimage.com/242x100.png/dddddd/000000');
insert into product (PRICE, RATING, CREATE_TIME, ID, UPDATE_TIME, BRAND, NAME, PREV_DESC, DESC_IMAGE, IMG) values (35400, 1.9, sysdate,  9, sysdate, 'Brand E', 'Mrs', 'http://dummyimage.com/249x100.png/5fa2dd/ffffff', 'http://dummyimage.com/149x100.png/5fa2dd/ffffff', 'http://dummyimage.com/121x100.png/ff4444/ffffff');
insert into product (PRICE, RATING, CREATE_TIME, ID, UPDATE_TIME, BRAND, NAME, PREV_DESC, DESC_IMAGE, IMG) values (180100, 0.2, sysdate, 10, sysdate, 'Brand B', 'Rev', 'http://dummyimage.com/142x100.png/cc0000/ffffff', 'http://dummyimage.com/166x100.png/ff4444/ffffff', 'http://dummyimage.com/150x100.png/cc0000/ffffff');
insert into product (PRICE, RATING, CREATE_TIME, ID, UPDATE_TIME, BRAND, NAME, PREV_DESC, DESC_IMAGE, IMG) values (174500, 1.6, sysdate, 11, sysdate, 'Brand D', 'Mr', 'http://dummyimage.com/235x100.png/ff4444/ffffff', 'http://dummyimage.com/115x100.png/cc0000/ffffff', 'http://dummyimage.com/250x100.png/ff4444/ffffff');
insert into product (PRICE, RATING, CREATE_TIME, ID, UPDATE_TIME, BRAND, NAME, PREV_DESC, DESC_IMAGE, IMG) values (325400, 0.6, sysdate, 12, sysdate, 'Brand F', 'HoIDrable', 'http://dummyimage.com/208x100.png/dddddd/000000', 'http://dummyimage.com/222x100.png/5fa2dd/ffffff', 'http://dummyimage.com/197x100.png/dddddd/000000');
insert into product (PRICE, RATING, CREATE_TIME, ID, UPDATE_TIME, BRAND, NAME, PREV_DESC, DESC_IMAGE, IMG) values (138500, 0.3, sysdate, 13, sysdate, 'Brand B', 'Mrs', 'http://dummyimage.com/236x100.png/ff4444/ffffff', 'http://dummyimage.com/124x100.png/cc0000/ffffff', 'http://dummyimage.com/149x100.png/ff4444/ffffff');
insert into product (PRICE, RATING, CREATE_TIME, ID, UPDATE_TIME, BRAND, NAME, PREV_DESC, DESC_IMAGE, IMG) values (573200, 2.6, sysdate,  14, sysdate, 'Brand D', 'Dr', 'http://dummyimage.com/248x100.png/ff4444/ffffff', 'http://dummyimage.com/143x100.png/ff4444/ffffff', 'http://dummyimage.com/166x100.png/5fa2dd/ffffff');
insert into product (PRICE, RATING, CREATE_TIME, ID, UPDATE_TIME, BRAND, NAME, PREV_DESC, DESC_IMAGE, IMG) values (426200, 4.5, sysdate,  15, sysdate, 'Brand B', 'Mr', 'http://dummyimage.com/230x100.png/ff4444/ffffff', 'http://dummyimage.com/247x100.png/5fa2dd/ffffff', 'http://dummyimage.com/141x100.png/5fa2dd/ffffff');
insert into product (PRICE, RATING, CREATE_TIME, ID, UPDATE_TIME, BRAND, NAME, PREV_DESC, DESC_IMAGE, IMG) values (444800, 1.7, sysdate,  16, sysdate, 'Brand E', 'Rev', 'http://dummyimage.com/223x100.png/5fa2dd/ffffff', 'http://dummyimage.com/119x100.png/5fa2dd/ffffff', 'http://dummyimage.com/181x100.png/5fa2dd/ffffff');
insert into product (PRICE, RATING, CREATE_TIME, ID, UPDATE_TIME, BRAND, NAME, PREV_DESC, DESC_IMAGE, IMG) values (107100, 1.7, sysdate, 17, sysdate, 'Brand D', 'Ms', 'http://dummyimage.com/211x100.png/ff4444/ffffff', 'http://dummyimage.com/196x100.png/dddddd/000000', 'http://dummyimage.com/228x100.png/dddddd/000000');
insert into product (PRICE, RATING, CREATE_TIME, ID, UPDATE_TIME, BRAND, NAME, PREV_DESC, DESC_IMAGE, IMG) values (33500, 4.9, sysdate, 18, sysdate, 'Brand E', 'Dr', 'http://dummyimage.com/235x100.png/cc0000/ffffff', 'http://dummyimage.com/105x100.png/dddddd/000000', 'http://dummyimage.com/199x100.png/5fa2dd/ffffff');
insert into product (PRICE, RATING, CREATE_TIME, ID, UPDATE_TIME, BRAND, NAME, PREV_DESC, DESC_IMAGE, IMG) values (847300, 1.6, sysdate, 19, sysdate, 'Brand C', 'HoIDrable', 'http://dummyimage.com/131x100.png/5fa2dd/ffffff', 'http://dummyimage.com/175x100.png/cc0000/ffffff', 'http://dummyimage.com/230x100.png/5fa2dd/ffffff');
insert into product (PRICE, RATING, CREATE_TIME, ID, UPDATE_TIME, BRAND, NAME, PREV_DESC, DESC_IMAGE, IMG) values (644300, 0.2, sysdate, 20, sysdate, 'Brand F', 'HoIDrable', 'http://dummyimage.com/222x100.png/ff4444/ffffff', 'http://dummyimage.com/201x100.png/ff4444/ffffff', 'http://dummyimage.com/226x100.png/cc0000/ffffff');
insert into product (PRICE, RATING, CREATE_TIME, ID, UPDATE_TIME, BRAND, NAME, PREV_DESC, DESC_IMAGE, IMG) values (41600, 0.6, sysdate,  21, sysdate, 'Brand E', 'HoIDrable', 'http://dummyimage.com/153x100.png/cc0000/ffffff', 'http://dummyimage.com/201x100.png/ff4444/ffffff', 'http://dummyimage.com/184x100.png/5fa2dd/ffffff');
insert into product (PRICE, RATING, CREATE_TIME, ID, UPDATE_TIME, BRAND, NAME, PREV_DESC, DESC_IMAGE, IMG) values (238300, 1.8, sysdate, 22, sysdate, 'Brand F', 'Ms', 'http://dummyimage.com/207x100.png/ff4444/ffffff', 'http://dummyimage.com/211x100.png/5fa2dd/ffffff', 'http://dummyimage.com/127x100.png/ff4444/ffffff');
insert into product (PRICE, RATING, CREATE_TIME, ID, UPDATE_TIME, BRAND, NAME, PREV_DESC, DESC_IMAGE, IMG) values (754700, 4.2, sysdate,  23, sysdate, 'Brand B', 'Dr', 'http://dummyimage.com/235x100.png/cc0000/ffffff', 'http://dummyimage.com/214x100.png/5fa2dd/ffffff', 'http://dummyimage.com/165x100.png/dddddd/000000');
insert into product (PRICE, RATING, CREATE_TIME, ID, UPDATE_TIME, BRAND, NAME, PREV_DESC, DESC_IMAGE, IMG) values (837000, 3.6, sysdate, 24, sysdate, 'Brand C', 'Dr', 'http://dummyimage.com/250x100.png/cc0000/ffffff', 'http://dummyimage.com/129x100.png/cc0000/ffffff', 'http://dummyimage.com/125x100.png/ff4444/ffffff');
insert into product (PRICE, RATING, CREATE_TIME, ID, UPDATE_TIME, BRAND, NAME, PREV_DESC, DESC_IMAGE, IMG) values (766800, 3.2, sysdate,  25, sysdate, 'Brand B', 'Mr', 'http://dummyimage.com/229x100.png/cc0000/ffffff', 'http://dummyimage.com/117x100.png/ff4444/ffffff', 'http://dummyimage.com/185x100.png/cc0000/ffffff');
insert into product (PRICE, RATING, CREATE_TIME, ID, UPDATE_TIME, BRAND, NAME, PREV_DESC, DESC_IMAGE, IMG) values (737300, 1.1, sysdate,  26, sysdate, 'Brand E', 'Dr', 'http://dummyimage.com/169x100.png/5fa2dd/ffffff', 'http://dummyimage.com/230x100.png/5fa2dd/ffffff', 'http://dummyimage.com/241x100.png/5fa2dd/ffffff');
insert into product (PRICE, RATING, CREATE_TIME, ID, UPDATE_TIME, BRAND, NAME, PREV_DESC, DESC_IMAGE, IMG) values (510500, 4.2, sysdate,  27, sysdate, 'Brand C', 'Mrs', 'http://dummyimage.com/125x100.png/cc0000/ffffff', 'http://dummyimage.com/115x100.png/dddddd/000000', 'http://dummyimage.com/128x100.png/dddddd/000000');
insert into product (PRICE, RATING, CREATE_TIME, ID, UPDATE_TIME, BRAND, NAME, PREV_DESC, DESC_IMAGE, IMG) values (40800, 2.5, sysdate,  28, sysdate, 'Brand A', 'Rev', 'http://dummyimage.com/146x100.png/ff4444/ffffff', 'http://dummyimage.com/166x100.png/dddddd/000000', 'http://dummyimage.com/181x100.png/ff4444/ffffff');
insert into product (PRICE, RATING, CREATE_TIME, ID, UPDATE_TIME, BRAND, NAME, PREV_DESC, DESC_IMAGE, IMG) values (412000, 3.2, sysdate,  29, sysdate, 'Brand D', 'Mr', 'http://dummyimage.com/225x100.png/5fa2dd/ffffff', 'http://dummyimage.com/230x100.png/dddddd/000000', 'http://dummyimage.com/240x100.png/cc0000/ffffff');
insert into product (PRICE, RATING, CREATE_TIME, ID, UPDATE_TIME, BRAND, NAME, PREV_DESC, DESC_IMAGE, IMG) values (153800, 1.7, sysdate, 30, sysdate, 'Brand E', 'HoIDrable', 'http://dummyimage.com/100x100.png/5fa2dd/ffffff', 'http://dummyimage.com/197x100.png/5fa2dd/ffffff', 'http://dummyimage.com/198x100.png/cc0000/ffffff');
insert into product (PRICE, RATING, CREATE_TIME, ID, UPDATE_TIME, BRAND, NAME, PREV_DESC, DESC_IMAGE, IMG) values (108200, 4.7, sysdate, 31, sysdate, 'Brand A', 'Dr', 'http://dummyimage.com/245x100.png/dddddd/000000', 'http://dummyimage.com/238x100.png/cc0000/ffffff', 'http://dummyimage.com/175x100.png/cc0000/ffffff');
insert into product (PRICE, RATING, CREATE_TIME, ID, UPDATE_TIME, BRAND, NAME, PREV_DESC, DESC_IMAGE, IMG) values (627800, 0.1, sysdate, 32, sysdate, 'Brand C', 'HoIDrable', 'http://dummyimage.com/184x100.png/ff4444/ffffff', 'http://dummyimage.com/192x100.png/5fa2dd/ffffff', 'http://dummyimage.com/237x100.png/dddddd/000000');
insert into product (PRICE, RATING, CREATE_TIME, ID, UPDATE_TIME, BRAND, NAME, PREV_DESC, DESC_IMAGE, IMG) values (725500, 4.2, sysdate, 33, sysdate, 'Brand D', 'Ms', 'http://dummyimage.com/168x100.png/5fa2dd/ffffff', 'http://dummyimage.com/122x100.png/5fa2dd/ffffff', 'http://dummyimage.com/199x100.png/ff4444/ffffff');
insert into product (PRICE, RATING, CREATE_TIME, ID, UPDATE_TIME, BRAND, NAME, PREV_DESC, DESC_IMAGE, IMG) values (359800, 4.7, sysdate, 34, sysdate, 'Brand D', 'HoIDrable', 'http://dummyimage.com/114x100.png/5fa2dd/ffffff', 'http://dummyimage.com/209x100.png/5fa2dd/ffffff', 'http://dummyimage.com/235x100.png/ff4444/ffffff');
insert into product (PRICE, RATING, CREATE_TIME, ID, UPDATE_TIME, BRAND, NAME, PREV_DESC, DESC_IMAGE, IMG) values (620300, 4.2, sysdate, 35, sysdate, 'Brand B', 'Mrs', 'http://dummyimage.com/240x100.png/cc0000/ffffff', 'http://dummyimage.com/114x100.png/5fa2dd/ffffff', 'http://dummyimage.com/114x100.png/dddddd/000000');
insert into product (PRICE, RATING, CREATE_TIME, ID, UPDATE_TIME, BRAND, NAME, PREV_DESC, DESC_IMAGE, IMG) values (542200, 4.9, sysdate,  36, sysdate, 'Brand B', 'HoIDrable', 'http://dummyimage.com/217x100.png/dddddd/000000', 'http://dummyimage.com/191x100.png/ff4444/ffffff', 'http://dummyimage.com/230x100.png/ff4444/ffffff');
insert into product (PRICE, RATING, CREATE_TIME, ID, UPDATE_TIME, BRAND, NAME, PREV_DESC, DESC_IMAGE, IMG) values (810000, 2.6, sysdate, 37, sysdate, 'Brand A', 'Dr', 'http://dummyimage.com/200x100.png/dddddd/000000', 'http://dummyimage.com/215x100.png/dddddd/000000', 'http://dummyimage.com/104x100.png/5fa2dd/ffffff');
insert into product (PRICE, RATING, CREATE_TIME, ID, UPDATE_TIME, BRAND, NAME, PREV_DESC, DESC_IMAGE, IMG) values (395400, 0.2, sysdate, 38, sysdate, 'Brand D', 'Rev', 'http://dummyimage.com/106x100.png/cc0000/ffffff', 'http://dummyimage.com/125x100.png/ff4444/ffffff', 'http://dummyimage.com/175x100.png/cc0000/ffffff');
insert into product (PRICE, RATING, CREATE_TIME, ID, UPDATE_TIME, BRAND, NAME, PREV_DESC, DESC_IMAGE, IMG) values (946500, 4.4, sysdate,  39, sysdate, 'Brand C', 'HoIDrable', 'http://dummyimage.com/132x100.png/cc0000/ffffff', 'http://dummyimage.com/110x100.png/cc0000/ffffff', 'http://dummyimage.com/171x100.png/dddddd/000000');
insert into product (PRICE, RATING, CREATE_TIME, ID, UPDATE_TIME, BRAND, NAME, PREV_DESC, DESC_IMAGE, IMG) values (662100, 0.0, sysdate,  40, sysdate, 'Brand B', 'HoIDrable', 'http://dummyimage.com/166x100.png/5fa2dd/ffffff', 'http://dummyimage.com/196x100.png/dddddd/000000', 'http://dummyimage.com/223x100.png/5fa2dd/ffffff');
insert into product (PRICE, RATING, CREATE_TIME, ID, UPDATE_TIME, BRAND, NAME, PREV_DESC, DESC_IMAGE, IMG) values (758900, 1.3, sysdate,  41, sysdate, 'Brand C', 'HoIDrable', 'http://dummyimage.com/112x100.png/dddddd/000000', 'http://dummyimage.com/235x100.png/ff4444/ffffff', 'http://dummyimage.com/103x100.png/5fa2dd/ffffff');
insert into product (PRICE, RATING, CREATE_TIME, ID, UPDATE_TIME, BRAND, NAME, PREV_DESC, DESC_IMAGE, IMG) values (305100, 3.5, sysdate,  42, sysdate, 'Brand E', 'Rev', 'http://dummyimage.com/120x100.png/ff4444/ffffff', 'http://dummyimage.com/166x100.png/ff4444/ffffff', 'http://dummyimage.com/223x100.png/cc0000/ffffff');
insert into product (PRICE, RATING, CREATE_TIME, ID, UPDATE_TIME, BRAND, NAME, PREV_DESC, DESC_IMAGE, IMG) values (254600, 2.8, sysdate,  43, sysdate, 'Brand C', 'Mrs', 'http://dummyimage.com/247x100.png/ff4444/ffffff', 'http://dummyimage.com/173x100.png/cc0000/ffffff', 'http://dummyimage.com/165x100.png/5fa2dd/ffffff');
insert into product (PRICE, RATING, CREATE_TIME, ID, UPDATE_TIME, BRAND, NAME, PREV_DESC, DESC_IMAGE, IMG) values (728400, 1.3, sysdate, 44, sysdate, 'Brand A', 'Rev', 'http://dummyimage.com/164x100.png/cc0000/ffffff', 'http://dummyimage.com/205x100.png/dddddd/000000', 'http://dummyimage.com/218x100.png/dddddd/000000');
insert into product (PRICE, RATING, CREATE_TIME, ID, UPDATE_TIME, BRAND, NAME, PREV_DESC, DESC_IMAGE, IMG) values (641300, 2.6, sysdate, 45, sysdate, 'Brand C', 'Mrs', 'http://dummyimage.com/227x100.png/dddddd/000000', 'http://dummyimage.com/159x100.png/ff4444/ffffff', 'http://dummyimage.com/189x100.png/cc0000/ffffff');
insert into product (PRICE, RATING, CREATE_TIME, ID, UPDATE_TIME, BRAND, NAME, PREV_DESC, DESC_IMAGE, IMG) values (788300, 0.4, sysdate, 46, sysdate, 'Brand D', 'HoIDrable', 'http://dummyimage.com/114x100.png/cc0000/ffffff', 'http://dummyimage.com/178x100.png/cc0000/ffffff', 'http://dummyimage.com/203x100.png/5fa2dd/ffffff');
insert into product (PRICE, RATING, CREATE_TIME, ID, UPDATE_TIME, BRAND, NAME, PREV_DESC, DESC_IMAGE, IMG) values (19600, 1.3, sysdate,  47, sysdate, 'Brand B', 'Ms', 'http://dummyimage.com/165x100.png/cc0000/ffffff', 'http://dummyimage.com/148x100.png/dddddd/000000', 'http://dummyimage.com/147x100.png/ff4444/ffffff');
insert into product (PRICE, RATING, CREATE_TIME, ID, UPDATE_TIME, BRAND, NAME, PREV_DESC, DESC_IMAGE, IMG) values (829200, 3.0, sysdate, 48, sysdate, 'Brand E', 'Mrs', 'http://dummyimage.com/246x100.png/dddddd/000000', 'http://dummyimage.com/215x100.png/dddddd/000000', 'http://dummyimage.com/210x100.png/cc0000/ffffff');
insert into product (PRICE, RATING, CREATE_TIME, ID, UPDATE_TIME, BRAND, NAME, PREV_DESC, DESC_IMAGE, IMG) values (237200, 4.1, sysdate, 49, sysdate, 'Brand D', 'Dr', 'http://dummyimage.com/138x100.png/dddddd/000000', 'http://dummyimage.com/116x100.png/cc0000/ffffff', 'http://dummyimage.com/118x100.png/5fa2dd/ffffff');
insert into product (PRICE, RATING, CREATE_TIME, ID, UPDATE_TIME, BRAND, NAME, PREV_DESC, DESC_IMAGE, IMG) values (819600, 2.0, sysdate, 50, sysdate, 'Brand B', 'Mr', 'http://dummyimage.com/117x100.png/ff4444/ffffff', 'http://dummyimage.com/212x100.png/cc0000/ffffff', 'http://dummyimage.com/119x100.png/ff4444/ffffff');
insert into product (PRICE, RATING, CREATE_TIME, ID, UPDATE_TIME, BRAND, NAME, PREV_DESC, DESC_IMAGE, IMG) values (991300, 4.1, sysdate,  51, sysdate, 'Brand D', 'Ms', 'http://dummyimage.com/142x100.png/ff4444/ffffff', 'http://dummyimage.com/171x100.png/dddddd/000000', 'http://dummyimage.com/143x100.png/ff4444/ffffff');
insert into product (PRICE, RATING, CREATE_TIME, ID, UPDATE_TIME, BRAND, NAME, PREV_DESC, DESC_IMAGE, IMG) values (922500, 4.3, sysdate,  52, sysdate, 'Brand C', 'Ms', 'http://dummyimage.com/224x100.png/ff4444/ffffff', 'http://dummyimage.com/196x100.png/5fa2dd/ffffff', 'http://dummyimage.com/208x100.png/5fa2dd/ffffff');
insert into product (PRICE, RATING, CREATE_TIME, ID, UPDATE_TIME, BRAND, NAME, PREV_DESC, DESC_IMAGE, IMG) values (610800, 0.1, sysdate,  53, sysdate, 'Brand F', 'Mr', 'http://dummyimage.com/224x100.png/dddddd/000000', 'http://dummyimage.com/245x100.png/5fa2dd/ffffff', 'http://dummyimage.com/118x100.png/5fa2dd/ffffff');
insert into product (PRICE, RATING, CREATE_TIME, ID, UPDATE_TIME, BRAND, NAME, PREV_DESC, DESC_IMAGE, IMG) values (845900, 2.6, sysdate,  54, sysdate, 'Brand B', 'Mrs', 'http://dummyimage.com/241x100.png/ff4444/ffffff', 'http://dummyimage.com/107x100.png/ff4444/ffffff', 'http://dummyimage.com/238x100.png/ff4444/ffffff');
insert into product (PRICE, RATING, CREATE_TIME, ID, UPDATE_TIME, BRAND, NAME, PREV_DESC, DESC_IMAGE, IMG) values (879500, 3.0, sysdate,  55, sysdate, 'Brand E', 'HoIDrable', 'http://dummyimage.com/125x100.png/5fa2dd/ffffff', 'http://dummyimage.com/131x100.png/cc0000/ffffff', 'http://dummyimage.com/148x100.png/5fa2dd/ffffff');
insert into product (PRICE, RATING, CREATE_TIME, ID, UPDATE_TIME, BRAND, NAME, PREV_DESC, DESC_IMAGE, IMG) values (635900, 0.8, sysdate,  56, sysdate, 'Brand F', 'Rev', 'http://dummyimage.com/158x100.png/5fa2dd/ffffff', 'http://dummyimage.com/219x100.png/ff4444/ffffff', 'http://dummyimage.com/180x100.png/5fa2dd/ffffff');
insert into product (PRICE, RATING, CREATE_TIME, ID, UPDATE_TIME, BRAND, NAME, PREV_DESC, DESC_IMAGE, IMG) values (680300, 2.7, sysdate,  57, sysdate, 'Brand A', 'Rev', 'http://dummyimage.com/200x100.png/dddddd/000000', 'http://dummyimage.com/244x100.png/5fa2dd/ffffff', 'http://dummyimage.com/152x100.png/cc0000/ffffff');
insert into product (PRICE, RATING, CREATE_TIME, ID, UPDATE_TIME, BRAND, NAME, PREV_DESC, DESC_IMAGE, IMG) values (84800, 2.5, sysdate,  58, sysdate, 'Brand D', 'Rev', 'http://dummyimage.com/207x100.png/cc0000/ffffff', 'http://dummyimage.com/163x100.png/ff4444/ffffff', 'http://dummyimage.com/198x100.png/dddddd/000000');
insert into product (PRICE, RATING, CREATE_TIME, ID, UPDATE_TIME, BRAND, NAME, PREV_DESC, DESC_IMAGE, IMG) values (666300, 4.0, sysdate,  59, sysdate, 'Brand F', 'Mr', 'http://dummyimage.com/203x100.png/5fa2dd/ffffff', 'http://dummyimage.com/112x100.png/5fa2dd/ffffff', 'http://dummyimage.com/159x100.png/ff4444/ffffff');
insert into product (PRICE, RATING, CREATE_TIME, ID, UPDATE_TIME, BRAND, NAME, PREV_DESC, DESC_IMAGE, IMG) values (738800, 4.7, sysdate, 60, sysdate, 'Brand A', 'Mrs', 'http://dummyimage.com/103x100.png/dddddd/000000', 'http://dummyimage.com/211x100.png/dddddd/000000', 'http://dummyimage.com/211x100.png/dddddd/000000');
insert into product (PRICE, RATING, CREATE_TIME, ID, UPDATE_TIME, BRAND, NAME, PREV_DESC, DESC_IMAGE, IMG) values (485700, 0.2, sysdate,  61, sysdate, 'Brand F', 'Mrs', 'http://dummyimage.com/174x100.png/dddddd/000000', 'http://dummyimage.com/137x100.png/dddddd/000000', 'http://dummyimage.com/156x100.png/5fa2dd/ffffff');
insert into product (PRICE, RATING, CREATE_TIME, ID, UPDATE_TIME, BRAND, NAME, PREV_DESC, DESC_IMAGE, IMG) values (700200, 5.0, sysdate, 62, sysdate, 'Brand F', 'Mrs', 'http://dummyimage.com/213x100.png/5fa2dd/ffffff', 'http://dummyimage.com/211x100.png/ff4444/ffffff', 'http://dummyimage.com/185x100.png/ff4444/ffffff');
insert into product (PRICE, RATING, CREATE_TIME, ID, UPDATE_TIME, BRAND, NAME, PREV_DESC, DESC_IMAGE, IMG) values (156900, 2.5, sysdate, 63, sysdate, 'Brand E', 'Mrs', 'http://dummyimage.com/139x100.png/cc0000/ffffff', 'http://dummyimage.com/204x100.png/cc0000/ffffff', 'http://dummyimage.com/214x100.png/5fa2dd/ffffff');
insert into product (PRICE, RATING, CREATE_TIME, ID, UPDATE_TIME, BRAND, NAME, PREV_DESC, DESC_IMAGE, IMG) values (431600, 0.5, sysdate,  64, sysdate, 'Brand D', 'HoIDrable', 'http://dummyimage.com/245x100.png/ff4444/ffffff', 'http://dummyimage.com/229x100.png/ff4444/ffffff', 'http://dummyimage.com/149x100.png/cc0000/ffffff');
insert into product (PRICE, RATING, CREATE_TIME, ID, UPDATE_TIME, BRAND, NAME, PREV_DESC, DESC_IMAGE, IMG) values (745300, 3.5, sysdate,  65, sysdate, 'Brand B', 'Mrs', 'http://dummyimage.com/169x100.png/dddddd/000000', 'http://dummyimage.com/182x100.png/cc0000/ffffff', 'http://dummyimage.com/167x100.png/dddddd/000000');
insert into product (PRICE, RATING, CREATE_TIME, ID, UPDATE_TIME, BRAND, NAME, PREV_DESC, DESC_IMAGE, IMG) values (363600, 4.0, sysdate, 66, sysdate, 'Brand C', 'Mrs', 'http://dummyimage.com/204x100.png/5fa2dd/ffffff', 'http://dummyimage.com/147x100.png/ff4444/ffffff', 'http://dummyimage.com/196x100.png/5fa2dd/ffffff');
insert into product (PRICE, RATING, CREATE_TIME, ID, UPDATE_TIME, BRAND, NAME, PREV_DESC, DESC_IMAGE, IMG) values (237500, 3.7, sysdate,  67, sysdate, 'Brand B', 'HoIDrable', 'http://dummyimage.com/212x100.png/5fa2dd/ffffff', 'http://dummyimage.com/233x100.png/cc0000/ffffff', 'http://dummyimage.com/233x100.png/cc0000/ffffff');
insert into product (PRICE, RATING, CREATE_TIME, ID, UPDATE_TIME, BRAND, NAME, PREV_DESC, DESC_IMAGE, IMG) values (593000, 3.6, sysdate,  68, sysdate, 'Brand B', 'Ms', 'http://dummyimage.com/175x100.png/ff4444/ffffff', 'http://dummyimage.com/138x100.png/dddddd/000000', 'http://dummyimage.com/173x100.png/5fa2dd/ffffff');
insert into product (PRICE, RATING, CREATE_TIME, ID, UPDATE_TIME, BRAND, NAME, PREV_DESC, DESC_IMAGE, IMG) values (574700, 0.7, sysdate,  69, sysdate, 'Brand A', 'Rev', 'http://dummyimage.com/145x100.png/ff4444/ffffff', 'http://dummyimage.com/143x100.png/5fa2dd/ffffff', 'http://dummyimage.com/150x100.png/ff4444/ffffff');
insert into product (PRICE, RATING, CREATE_TIME, ID, UPDATE_TIME, BRAND, NAME, PREV_DESC, DESC_IMAGE, IMG) values (266600, 1.8, sysdate,  70, sysdate, 'Brand D', 'Mr', 'http://dummyimage.com/204x100.png/5fa2dd/ffffff', 'http://dummyimage.com/245x100.png/cc0000/ffffff', 'http://dummyimage.com/181x100.png/dddddd/000000');
insert into product (PRICE, RATING, CREATE_TIME, ID, UPDATE_TIME, BRAND, NAME, PREV_DESC, DESC_IMAGE, IMG) values (237600, 2.5, sysdate,  71, sysdate, 'Brand B', 'Mr', 'http://dummyimage.com/208x100.png/dddddd/000000', 'http://dummyimage.com/166x100.png/ff4444/ffffff', 'http://dummyimage.com/201x100.png/cc0000/ffffff');
insert into product (PRICE, RATING, CREATE_TIME, ID, UPDATE_TIME, BRAND, NAME, PREV_DESC, DESC_IMAGE, IMG) values (557000, 4.8, sysdate,  72, sysdate, 'Brand B', 'Ms', 'http://dummyimage.com/105x100.png/5fa2dd/ffffff', 'http://dummyimage.com/139x100.png/dddddd/000000', 'http://dummyimage.com/244x100.png/ff4444/ffffff');
insert into product (PRICE, RATING, CREATE_TIME, ID, UPDATE_TIME, BRAND, NAME, PREV_DESC, DESC_IMAGE, IMG) values (146700, 4.2, sysdate,  73, sysdate, 'Brand D', 'Mr', 'http://dummyimage.com/129x100.png/5fa2dd/ffffff', 'http://dummyimage.com/132x100.png/5fa2dd/ffffff', 'http://dummyimage.com/185x100.png/cc0000/ffffff');
insert into product (PRICE, RATING, CREATE_TIME, ID, UPDATE_TIME, BRAND, NAME, PREV_DESC, DESC_IMAGE, IMG) values (47400, 4.6, sysdate,  74, sysdate, 'Brand C', 'Ms', 'http://dummyimage.com/180x100.png/ff4444/ffffff', 'http://dummyimage.com/139x100.png/dddddd/000000', 'http://dummyimage.com/202x100.png/ff4444/ffffff');
insert into product (PRICE, RATING, CREATE_TIME, ID, UPDATE_TIME, BRAND, NAME, PREV_DESC, DESC_IMAGE, IMG) values (841800, 3.2, sysdate, 75, sysdate, 'Brand C', 'HoIDrable', 'http://dummyimage.com/114x100.png/ff4444/ffffff', 'http://dummyimage.com/125x100.png/dddddd/000000', 'http://dummyimage.com/174x100.png/cc0000/ffffff');
insert into product (PRICE, RATING, CREATE_TIME, ID, UPDATE_TIME, BRAND, NAME, PREV_DESC, DESC_IMAGE, IMG) values (14400, 2.3, sysdate,  76, sysdate, 'Brand C', 'Dr', 'http://dummyimage.com/168x100.png/ff4444/ffffff', 'http://dummyimage.com/189x100.png/5fa2dd/ffffff', 'http://dummyimage.com/193x100.png/dddddd/000000');
insert into product (PRICE, RATING, CREATE_TIME, ID, UPDATE_TIME, BRAND, NAME, PREV_DESC, DESC_IMAGE, IMG) values (546700, 3.9, sysdate,  77, sysdate, 'Brand F', 'Ms', 'http://dummyimage.com/119x100.png/5fa2dd/ffffff', 'http://dummyimage.com/158x100.png/dddddd/000000', 'http://dummyimage.com/182x100.png/cc0000/ffffff');
insert into product (PRICE, RATING, CREATE_TIME, ID, UPDATE_TIME, BRAND, NAME, PREV_DESC, DESC_IMAGE, IMG) values (638800, 3.1, sysdate,  78, sysdate, 'Brand D', 'Rev', 'http://dummyimage.com/227x100.png/ff4444/ffffff', 'http://dummyimage.com/215x100.png/5fa2dd/ffffff', 'http://dummyimage.com/150x100.png/dddddd/000000');
insert into product (PRICE, RATING, CREATE_TIME, ID, UPDATE_TIME, BRAND, NAME, PREV_DESC, DESC_IMAGE, IMG) values (496700, 3.9, sysdate,  79, sysdate, 'Brand D', 'Dr', 'http://dummyimage.com/162x100.png/5fa2dd/ffffff', 'http://dummyimage.com/153x100.png/dddddd/000000', 'http://dummyimage.com/188x100.png/dddddd/000000');
insert into product (PRICE, RATING, CREATE_TIME, ID, UPDATE_TIME, BRAND, NAME, PREV_DESC, DESC_IMAGE, IMG) values (372000, 1.3, sysdate, 80, sysdate, 'Brand F', 'Mr', 'http://dummyimage.com/148x100.png/5fa2dd/ffffff', 'http://dummyimage.com/224x100.png/ff4444/ffffff', 'http://dummyimage.com/109x100.png/dddddd/000000');

//category
insert into category (id, parent, name) values (1, 1, 'DeskTop');
insert into category (id, parent, name) values (2, 2, 'Laptop');
insert into category (id, parent, name) values (3, 1, 'Drywall');
insert into category (id, parent, name) values (4, 1, 'Plumbing Gas');
insert into category (id, parent, name) values (5, 1, 'Prefabricated Aluminum Metal CaIDpies');
insert into category (id, parent, name) values (6, 1, 'RF Shielding');
insert into category (id, parent, name) values (7, 1, 'Waterproofing');
insert into category (id, parent, name) values (8, 1, 'Wall Protection');
insert into category (id, parent, name) values (9, 1, 'Framing (Steel)');
insert into category (id, parent, name) values (10, 2, 'Temp Fencing, Decorative Fencing and Gates');
insert into category (id, parent, name) values (11, 2, 'Retaining and Brick Pavers');
insert into category (id, parent, name) values (12, 2, 'Casework');
insert into category (id, parent, name) values (13, 2, 'Soft Flooring and Base');
insert into category (id, parent, name) values (14, 2, 'Fire Sprinkler System');
insert into category (id, parent, name) values (15, 2, 'Granite Surfaces');
insert into category (id, parent, name) values (19, 2, 'Casework');
insert into category (id, parent, name) values (20, 2, 'Framing');
//category-Set
insert into category_set (CATEGORY_ID, ID, PRODUCT_ID) values (14, 1, 16);
insert into category_set (CATEGORY_ID, ID, PRODUCT_ID) values (11, 2, 66);
insert into category_set (CATEGORY_ID, ID, PRODUCT_ID) values (9, 3, 18);
insert into category_set (CATEGORY_ID, ID, PRODUCT_ID) values (7, 5, 1);
insert into category_set (CATEGORY_ID, ID, PRODUCT_ID) values (13, 6, 3);
insert into category_set (CATEGORY_ID, ID, PRODUCT_ID) values (8, 7, 56);
insert into category_set (CATEGORY_ID, ID, PRODUCT_ID) values (13, 8, 30);
insert into category_set (CATEGORY_ID, ID, PRODUCT_ID) values (13, 9, 45);
insert into category_set (CATEGORY_ID, ID, PRODUCT_ID) values (7, 10, 7);
insert into category_set (CATEGORY_ID, ID, PRODUCT_ID) values (7, 11, 47);
insert into category_set (CATEGORY_ID, ID, PRODUCT_ID) values (9, 12, 80);
insert into category_set (CATEGORY_ID, ID, PRODUCT_ID) values (7, 13, 69);
insert into category_set (CATEGORY_ID, ID, PRODUCT_ID) values (15, 14, 70);
insert into category_set (CATEGORY_ID, ID, PRODUCT_ID) values (5, 15, 51);
insert into category_set (CATEGORY_ID, ID, PRODUCT_ID) values (12, 17, 15);
insert into category_set (CATEGORY_ID, ID, PRODUCT_ID) values (14, 18, 58);
insert into category_set (CATEGORY_ID, ID, PRODUCT_ID) values (10, 21, 64);
insert into category_set (CATEGORY_ID, ID, PRODUCT_ID) values (13, 22, 17);
insert into category_set (CATEGORY_ID, ID, PRODUCT_ID) values (9, 23, 21);
insert into category_set (CATEGORY_ID, ID, PRODUCT_ID) values (10, 24, 19);
insert into category_set (CATEGORY_ID, ID, PRODUCT_ID) values (10, 25, 74);
insert into category_set (CATEGORY_ID, ID, PRODUCT_ID) values (10, 26, 52);
insert into category_set (CATEGORY_ID, ID, PRODUCT_ID) values (6, 27, 54);
insert into category_set (CATEGORY_ID, ID, PRODUCT_ID) values (6, 28, 59);
insert into category_set (CATEGORY_ID, ID, PRODUCT_ID) values (4, 29, 27);
insert into category_set (CATEGORY_ID, ID, PRODUCT_ID) values (7, 30, 60);
insert into category_set (CATEGORY_ID, ID, PRODUCT_ID) values (9, 31, 76);
insert into category_set (CATEGORY_ID, ID, PRODUCT_ID) values (15, 32, 36);
insert into category_set (CATEGORY_ID, ID, PRODUCT_ID) values (7, 33, 12);
insert into category_set (CATEGORY_ID, ID, PRODUCT_ID) values (11, 34, 9);
insert into category_set (CATEGORY_ID, ID, PRODUCT_ID) values (3, 35, 26);
insert into category_set (CATEGORY_ID, ID, PRODUCT_ID) values (6, 36, 49);
insert into category_set (CATEGORY_ID, ID, PRODUCT_ID) values (11, 37, 77);
insert into category_set (CATEGORY_ID, ID, PRODUCT_ID) values (8, 38, 21);
insert into category_set (CATEGORY_ID, ID, PRODUCT_ID) values (7, 39, 23);
insert into category_set (CATEGORY_ID, ID, PRODUCT_ID) values (3, 40, 32);
insert into category_set (CATEGORY_ID, ID, PRODUCT_ID) values (9, 41, 56);
insert into category_set (CATEGORY_ID, ID, PRODUCT_ID) values (7, 42, 75);
insert into category_set (CATEGORY_ID, ID, PRODUCT_ID) values (9, 43, 24);
insert into category_set (CATEGORY_ID, ID, PRODUCT_ID) values (6, 44, 32);
insert into category_set (CATEGORY_ID, ID, PRODUCT_ID) values (14, 45, 30);
insert into category_set (CATEGORY_ID, ID, PRODUCT_ID) values (11, 46, 23);
insert into category_set (CATEGORY_ID, ID, PRODUCT_ID) values (11, 48, 53);
insert into category_set (CATEGORY_ID, ID, PRODUCT_ID) values (15, 49, 39);
insert into category_set (CATEGORY_ID, ID, PRODUCT_ID) values (15, 50, 5);
insert into category_set (CATEGORY_ID, ID, PRODUCT_ID) values (12, 51, 20);
insert into category_set (CATEGORY_ID, ID, PRODUCT_ID) values (10, 52, 6);
insert into category_set (CATEGORY_ID, ID, PRODUCT_ID) values (12, 53, 25);
insert into category_set (CATEGORY_ID, ID, PRODUCT_ID) values (6, 54, 14);
insert into category_set (CATEGORY_ID, ID, PRODUCT_ID) values (6, 56, 34);
insert into category_set (CATEGORY_ID, ID, PRODUCT_ID) values (12, 57, 3);
insert into category_set (CATEGORY_ID, ID, PRODUCT_ID) values (3, 58, 68);
insert into category_set (CATEGORY_ID, ID, PRODUCT_ID) values (12, 60, 55);
insert into category_set (CATEGORY_ID, ID, PRODUCT_ID) values (14, 61, 5);
insert into category_set (CATEGORY_ID, ID, PRODUCT_ID) values (4, 62, 50);
insert into category_set (CATEGORY_ID, ID, PRODUCT_ID) values (5, 63, 73);
insert into category_set (CATEGORY_ID, ID, PRODUCT_ID) values (5, 64, 37);
insert into category_set (CATEGORY_ID, ID, PRODUCT_ID) values (5, 65, 43);
insert into category_set (CATEGORY_ID, ID, PRODUCT_ID) values (5, 68, 13);
insert into category_set (CATEGORY_ID, ID, PRODUCT_ID) values (12, 69, 78);
insert into category_set (CATEGORY_ID, ID, PRODUCT_ID) values (3, 70, 33);
insert into category_set (CATEGORY_ID, ID, PRODUCT_ID) values (4, 71, 40);
insert into category_set (CATEGORY_ID, ID, PRODUCT_ID) values (4, 73, 1);
insert into category_set (CATEGORY_ID, ID, PRODUCT_ID) values (9, 74, 41);
insert into category_set (CATEGORY_ID, ID, PRODUCT_ID) values (9, 75, 29);
insert into category_set (CATEGORY_ID, ID, PRODUCT_ID) values (6, 76, 57);
insert into category_set (CATEGORY_ID, ID, PRODUCT_ID) values (14, 77, 15);
insert into category_set (CATEGORY_ID, ID, PRODUCT_ID) values (8, 78, 76);
insert into category_set (CATEGORY_ID, ID, PRODUCT_ID) values (9, 80, 42);
insert into category_set (CATEGORY_ID, ID, PRODUCT_ID) values (5, 81, 65);
insert into category_set (CATEGORY_ID, ID, PRODUCT_ID) values (5, 82, 72);
insert into category_set (CATEGORY_ID, ID, PRODUCT_ID) values (11, 83, 67);
insert into category_set (CATEGORY_ID, ID, PRODUCT_ID) values (7, 85, 43);
insert into category_set (CATEGORY_ID, ID, PRODUCT_ID) values (10, 86, 8);
insert into category_set (CATEGORY_ID, ID, PRODUCT_ID) values (7, 87, 28);
insert into category_set (CATEGORY_ID, ID, PRODUCT_ID) values (7, 88, 38);
insert into category_set (CATEGORY_ID, ID, PRODUCT_ID) values (5, 90, 48);
insert into category_set (CATEGORY_ID, ID, PRODUCT_ID) values (6, 91, 31);
insert into category_set (CATEGORY_ID, ID, PRODUCT_ID) values (13, 93, 44);
insert into category_set (CATEGORY_ID, ID, PRODUCT_ID) values (6, 94, 36);
insert into category_set (CATEGORY_ID, ID, PRODUCT_ID) values (3, 95, 61);
insert into category_set (CATEGORY_ID, ID, PRODUCT_ID) values (7, 96, 40);
insert into category_set (CATEGORY_ID, ID, PRODUCT_ID) values (10, 97, 67);
insert into category_set (CATEGORY_ID, ID, PRODUCT_ID) values (12, 98, 63);
insert into category_set (CATEGORY_ID, ID, PRODUCT_ID) values (3, 99, 22);
insert into category_set (CATEGORY_ID, ID, PRODUCT_ID) values (4, 100, 4);

//option_set
insert into option_set (ORDER_COUNT, STOCK,total_price, VIEW_COUNT, CREATE_TIME, ID, PRODUCT_ID, UPDATE_TIME) values (441, 135,1000, 3557, sysdate, 1, 1, sysdate);
insert into option_set (ORDER_COUNT, STOCK,total_price, VIEW_COUNT, CREATE_TIME, ID, PRODUCT_ID, UPDATE_TIME) values (848, 485,1000, 4378, sysdate, 2, 1, sysdate);
insert into option_set (ORDER_COUNT, STOCK,total_price, VIEW_COUNT, CREATE_TIME, ID, PRODUCT_ID, UPDATE_TIME) values (221, 372,1000, 2100, sysdate, 3, 1, sysdate);
insert into option_set (ORDER_COUNT, STOCK,total_price, VIEW_COUNT, CREATE_TIME, ID, PRODUCT_ID, UPDATE_TIME) values (469, 425,1000, 5133, sysdate, 4, 2, sysdate);
insert into option_set (ORDER_COUNT, STOCK,total_price, VIEW_COUNT, CREATE_TIME, ID, PRODUCT_ID, UPDATE_TIME) values (74, 301, 1000,7544, sysdate, 5, 2, sysdate);
insert into option_set (ORDER_COUNT, STOCK,total_price, VIEW_COUNT, CREATE_TIME, ID, PRODUCT_ID, UPDATE_TIME) values (991, 614,1000, 7123, sysdate, 6, 2, sysdate);
insert into option_set (ORDER_COUNT, STOCK,total_price, VIEW_COUNT, CREATE_TIME, ID, PRODUCT_ID, UPDATE_TIME) values (171, 981,1000, 2509, sysdate, 7, 3, sysdate);
insert into option_set (ORDER_COUNT, STOCK,total_price, VIEW_COUNT, CREATE_TIME, ID, PRODUCT_ID, UPDATE_TIME) values (730, 100,1000, 2111, sysdate, 8, 3, sysdate);
insert into option_set (ORDER_COUNT, STOCK,total_price, VIEW_COUNT, CREATE_TIME, ID, PRODUCT_ID, UPDATE_TIME) values (939, 487,1000, 5160, sysdate, 9, 4, sysdate);
insert into option_set (ORDER_COUNT, STOCK,total_price, VIEW_COUNT, CREATE_TIME, ID, PRODUCT_ID, UPDATE_TIME) values (395, 739, 1000,8961, sysdate, 10, 4, sysdate);
insert into option_set (ORDER_COUNT, STOCK,total_price, VIEW_COUNT, CREATE_TIME, ID, PRODUCT_ID, UPDATE_TIME) values (487, 121,1000, 33, sysdate, 11, 5, sysdate);
insert into option_set (ORDER_COUNT, STOCK,total_price, VIEW_COUNT, CREATE_TIME, ID, PRODUCT_ID, UPDATE_TIME) values (454, 113,1000, 8149, sysdate, 12, 5, sysdate);
insert into option_set (ORDER_COUNT, STOCK,total_price, VIEW_COUNT, CREATE_TIME, ID, PRODUCT_ID, UPDATE_TIME) values (313, 395,1000, 5192, sysdate, 13, 6, sysdate);
insert into option_set (ORDER_COUNT, STOCK,total_price, VIEW_COUNT, CREATE_TIME, ID, PRODUCT_ID, UPDATE_TIME) values (462, 826, 1000,6016, sysdate, 14, 6, sysdate);
insert into option_set (ORDER_COUNT, STOCK,total_price, VIEW_COUNT, CREATE_TIME, ID, PRODUCT_ID, UPDATE_TIME) values (124, 866,1000, 5916, sysdate, 15, 6, sysdate);
insert into option_set (ORDER_COUNT, STOCK,total_price, VIEW_COUNT, CREATE_TIME, ID, PRODUCT_ID, UPDATE_TIME) values (961, 824,1000, 7494, sysdate, 16, 7, sysdate);
insert into option_set (ORDER_COUNT, STOCK,total_price, VIEW_COUNT, CREATE_TIME, ID, PRODUCT_ID, UPDATE_TIME) values (831, 977,1000, 2918, sysdate, 17, 7, sysdate);
insert into option_set (ORDER_COUNT, STOCK,total_price, VIEW_COUNT, CREATE_TIME, ID, PRODUCT_ID, UPDATE_TIME) values (926, 825,1000, 7251, sysdate, 18, 8, sysdate);
insert into option_set (ORDER_COUNT, STOCK,total_price, VIEW_COUNT, CREATE_TIME, ID, PRODUCT_ID, UPDATE_TIME) values (297, 247,1000, 760, sysdate, 19, 8, sysdate);
insert into option_set (ORDER_COUNT, STOCK,total_price, VIEW_COUNT, CREATE_TIME, ID, PRODUCT_ID, UPDATE_TIME) values (376, 241,1000, 3963, sysdate, 20, 9, sysdate);
insert into option_set (ORDER_COUNT, STOCK,total_price, VIEW_COUNT, CREATE_TIME, ID, PRODUCT_ID, UPDATE_TIME) values (733, 708,1000, 2115, sysdate, 21, 10, sysdate);
insert into option_set (ORDER_COUNT, STOCK,total_price, VIEW_COUNT, CREATE_TIME, ID, PRODUCT_ID, UPDATE_TIME) values (110, 776,1000, 1726, sysdate, 22, 10, sysdate);
insert into option_set (ORDER_COUNT, STOCK,total_price, VIEW_COUNT, CREATE_TIME, ID, PRODUCT_ID, UPDATE_TIME) values (581, 592,1000, 3809, sysdate, 23, 11, sysdate);
insert into option_set (ORDER_COUNT, STOCK,total_price, VIEW_COUNT, CREATE_TIME, ID, PRODUCT_ID, UPDATE_TIME) values (374, 659,1000, 9185, sysdate, 24, 12, sysdate);
insert into option_set (ORDER_COUNT, STOCK,total_price, VIEW_COUNT, CREATE_TIME, ID, PRODUCT_ID, UPDATE_TIME) values (37, 313,1000, 8626, sysdate, 25, 13, sysdate);
insert into option_set (ORDER_COUNT, STOCK,total_price, VIEW_COUNT, CREATE_TIME, ID, PRODUCT_ID, UPDATE_TIME) values (684, 959,1000, 8983, sysdate, 26, 14, sysdate);
insert into option_set (ORDER_COUNT, STOCK,total_price, VIEW_COUNT, CREATE_TIME, ID, PRODUCT_ID, UPDATE_TIME) values (281, 553, 1000,5876, sysdate, 27, 15, sysdate);
insert into option_set (ORDER_COUNT, STOCK,total_price, VIEW_COUNT, CREATE_TIME, ID, PRODUCT_ID, UPDATE_TIME) values (464, 884,1000, 9287, sysdate, 28, 16, sysdate);
insert into option_set (ORDER_COUNT, STOCK,total_price, VIEW_COUNT, CREATE_TIME, ID, PRODUCT_ID, UPDATE_TIME) values (678, 516,1000, 9572, sysdate, 29, 17, sysdate);
insert into option_set (ORDER_COUNT, STOCK,total_price, VIEW_COUNT, CREATE_TIME, ID, PRODUCT_ID, UPDATE_TIME) values (997, 191,1000, 2106, sysdate, 30, 18, sysdate);
insert into option_set (ORDER_COUNT, STOCK,total_price, VIEW_COUNT, CREATE_TIME, ID, PRODUCT_ID, UPDATE_TIME) values (547, 760,1000, 9433, sysdate, 31, 19, sysdate);
insert into option_set (ORDER_COUNT, STOCK,total_price, VIEW_COUNT, CREATE_TIME, ID, PRODUCT_ID, UPDATE_TIME) values (778, 666,1000, 7538, sysdate, 32, 20, sysdate);
insert into option_set (ORDER_COUNT, STOCK,total_price, VIEW_COUNT, CREATE_TIME, ID, PRODUCT_ID, UPDATE_TIME) values (93, 717, 1000,9923, sysdate, 33, 21, sysdate);
insert into option_set (ORDER_COUNT, STOCK,total_price, VIEW_COUNT, CREATE_TIME, ID, PRODUCT_ID, UPDATE_TIME) values (272, 421,1000, 7905, sysdate, 34, 22, sysdate);
insert into option_set (ORDER_COUNT, STOCK,total_price, VIEW_COUNT, CREATE_TIME, ID, PRODUCT_ID, UPDATE_TIME) values (641, 201,1000, 9443, sysdate, 35, 23, sysdate);
insert into option_set (ORDER_COUNT, STOCK,total_price, VIEW_COUNT, CREATE_TIME, ID, PRODUCT_ID, UPDATE_TIME) values (839, 368,1000, 3427, sysdate, 36, 24, sysdate);
insert into option_set (ORDER_COUNT, STOCK,total_price, VIEW_COUNT, CREATE_TIME, ID, PRODUCT_ID, UPDATE_TIME) values (848, 420,1000, 6923, sysdate, 37, 25, sysdate);
insert into option_set (ORDER_COUNT, STOCK,total_price, VIEW_COUNT, CREATE_TIME, ID, PRODUCT_ID, UPDATE_TIME) values (353, 922,1000, 1712, sysdate, 38, 26, sysdate);
insert into option_set (ORDER_COUNT, STOCK,total_price, VIEW_COUNT, CREATE_TIME, ID, PRODUCT_ID, UPDATE_TIME) values (931, 119, 1000,2226, sysdate, 39, 27, sysdate);
insert into option_set (ORDER_COUNT, STOCK,total_price, VIEW_COUNT, CREATE_TIME, ID, PRODUCT_ID, UPDATE_TIME) values (978, 325, 1000,5462, sysdate, 40, 28, sysdate);
insert into option_set (ORDER_COUNT, STOCK,total_price, VIEW_COUNT, CREATE_TIME, ID, PRODUCT_ID, UPDATE_TIME) values (148, 215, 1000,2113, sysdate, 41, 29, sysdate);
insert into option_set (ORDER_COUNT, STOCK,total_price, VIEW_COUNT, CREATE_TIME, ID, PRODUCT_ID, UPDATE_TIME) values (469, 615, 1000,1982, sysdate, 42, 30, sysdate);
insert into option_set (ORDER_COUNT, STOCK,total_price, VIEW_COUNT, CREATE_TIME, ID, PRODUCT_ID, UPDATE_TIME) values (332, 511, 1000,2280, sysdate, 43, 31, sysdate);
insert into option_set (ORDER_COUNT, STOCK,total_price, VIEW_COUNT, CREATE_TIME, ID, PRODUCT_ID, UPDATE_TIME) values (630, 977, 1000,4450, sysdate, 44, 32, sysdate);
insert into option_set (ORDER_COUNT, STOCK,total_price, VIEW_COUNT, CREATE_TIME, ID, PRODUCT_ID, UPDATE_TIME) values (165, 691,1000, 5772, sysdate, 45, 33, sysdate);
insert into option_set (ORDER_COUNT, STOCK,total_price, VIEW_COUNT, CREATE_TIME, ID, PRODUCT_ID, UPDATE_TIME) values (230, 340, 1000,9844, sysdate, 46, 34, sysdate);
insert into option_set (ORDER_COUNT, STOCK,total_price, VIEW_COUNT, CREATE_TIME, ID, PRODUCT_ID, UPDATE_TIME) values (171, 526,1000, 3369, sysdate, 47, 35, sysdate);
insert into option_set (ORDER_COUNT, STOCK,total_price, VIEW_COUNT, CREATE_TIME, ID, PRODUCT_ID, UPDATE_TIME) values (658, 208,1000, 9276, sysdate, 48, 36, sysdate);
insert into option_set (ORDER_COUNT, STOCK,total_price, VIEW_COUNT, CREATE_TIME, ID, PRODUCT_ID, UPDATE_TIME) values (91, 872, 1000,8058, sysdate, 49, 37, sysdate);
insert into option_set (ORDER_COUNT, STOCK,total_price, VIEW_COUNT, CREATE_TIME, ID, PRODUCT_ID, UPDATE_TIME) values (598, 47, 1000,2269, sysdate, 50, 38, sysdate);
insert into option_set (ORDER_COUNT, STOCK,total_price, VIEW_COUNT, CREATE_TIME, ID, PRODUCT_ID, UPDATE_TIME) values (380, 797,1000, 9508, sysdate, 51, 39, sysdate);
insert into option_set (ORDER_COUNT, STOCK,total_price, VIEW_COUNT, CREATE_TIME, ID, PRODUCT_ID, UPDATE_TIME) values (89, 584,1000, 3632, sysdate, 52, 40, sysdate);
insert into option_set (ORDER_COUNT, STOCK,total_price, VIEW_COUNT, CREATE_TIME, ID, PRODUCT_ID, UPDATE_TIME) values (69, 937, 1000,822, sysdate, 53, 41, sysdate);
insert into option_set (ORDER_COUNT, STOCK,total_price, VIEW_COUNT, CREATE_TIME, ID, PRODUCT_ID, UPDATE_TIME) values (578, 673, 1000,208, sysdate, 54, 42, sysdate);
insert into option_set (ORDER_COUNT, STOCK,total_price, VIEW_COUNT, CREATE_TIME, ID, PRODUCT_ID, UPDATE_TIME) values (668, 561, 1000,7537, sysdate, 55, 43, sysdate);
insert into option_set (ORDER_COUNT, STOCK,total_price, VIEW_COUNT, CREATE_TIME, ID, PRODUCT_ID, UPDATE_TIME) values (560, 714,1000, 9065, sysdate, 56, 44, sysdate);
insert into option_set (ORDER_COUNT, STOCK,total_price, VIEW_COUNT, CREATE_TIME, ID, PRODUCT_ID, UPDATE_TIME) values (718, 94, 1000,8348, sysdate, 57, 45, sysdate);
insert into option_set (ORDER_COUNT, STOCK,total_price, VIEW_COUNT, CREATE_TIME, ID, PRODUCT_ID, UPDATE_TIME) values (107, 731, 1000,5139, sysdate, 58, 46, sysdate);
insert into option_set (ORDER_COUNT, STOCK,total_price, VIEW_COUNT, CREATE_TIME, ID, PRODUCT_ID, UPDATE_TIME) values (107, 79, 1000,3209, sysdate, 59, 47, sysdate);
insert into option_set (ORDER_COUNT, STOCK,total_price, VIEW_COUNT, CREATE_TIME, ID, PRODUCT_ID, UPDATE_TIME) values (505, 298, 1000,2066, sysdate, 60, 48, sysdate);
insert into option_set (ORDER_COUNT, STOCK,total_price, VIEW_COUNT, CREATE_TIME, ID, PRODUCT_ID, UPDATE_TIME) values (89, 878,1000, 5847, sysdate, 61, 49, sysdate);
insert into option_set (ORDER_COUNT, STOCK,total_price, VIEW_COUNT, CREATE_TIME, ID, PRODUCT_ID, UPDATE_TIME) values (998, 887,1000, 1719, sysdate, 62, 50, sysdate);
insert into option_set (ORDER_COUNT, STOCK,total_price, VIEW_COUNT, CREATE_TIME, ID, PRODUCT_ID, UPDATE_TIME) values (629, 861, 1000,3082, sysdate, 63, 51, sysdate);
insert into option_set (ORDER_COUNT, STOCK,total_price, VIEW_COUNT, CREATE_TIME, ID, PRODUCT_ID, UPDATE_TIME) values (756, 184,1000, 7559, sysdate, 64, 52, sysdate);
insert into option_set (ORDER_COUNT, STOCK,total_price, VIEW_COUNT, CREATE_TIME, ID, PRODUCT_ID, UPDATE_TIME) values (309, 499,1000, 2450, sysdate, 65, 53, sysdate);
insert into option_set (ORDER_COUNT, STOCK,total_price, VIEW_COUNT, CREATE_TIME, ID, PRODUCT_ID, UPDATE_TIME) values (444, 147, 1000,4198, sysdate, 66, 54, sysdate);
insert into option_set (ORDER_COUNT, STOCK,total_price, VIEW_COUNT, CREATE_TIME, ID, PRODUCT_ID, UPDATE_TIME) values (367, 416, 1000,2387, sysdate, 67, 55, sysdate);
insert into option_set (ORDER_COUNT, STOCK,total_price, VIEW_COUNT, CREATE_TIME, ID, PRODUCT_ID, UPDATE_TIME) values (294, 868,1000, 6503, sysdate, 68, 56, sysdate);
insert into option_set (ORDER_COUNT, STOCK,total_price, VIEW_COUNT, CREATE_TIME, ID, PRODUCT_ID, UPDATE_TIME) values (548, 85, 1000,7126, sysdate, 69, 57, sysdate);
insert into option_set (ORDER_COUNT, STOCK,total_price, VIEW_COUNT, CREATE_TIME, ID, PRODUCT_ID, UPDATE_TIME) values (968, 415, 1000,6759, sysdate, 70, 58, sysdate);
insert into option_set (ORDER_COUNT, STOCK,total_price, VIEW_COUNT, CREATE_TIME, ID, PRODUCT_ID, UPDATE_TIME) values (705, 447,1000, 8680, sysdate, 71, 59, sysdate);
insert into option_set (ORDER_COUNT, STOCK,total_price, VIEW_COUNT, CREATE_TIME, ID, PRODUCT_ID, UPDATE_TIME) values (982, 994, 1000,2896, sysdate, 72, 60, sysdate);
insert into option_set (ORDER_COUNT, STOCK,total_price, VIEW_COUNT, CREATE_TIME, ID, PRODUCT_ID, UPDATE_TIME) values (374, 370, 1000,3535, sysdate, 73, 61, sysdate);
insert into option_set (ORDER_COUNT, STOCK,total_price, VIEW_COUNT, CREATE_TIME, ID, PRODUCT_ID, UPDATE_TIME) values (934, 167, 1000,5737, sysdate, 74, 62, sysdate);
insert into option_set (ORDER_COUNT, STOCK,total_price, VIEW_COUNT, CREATE_TIME, ID, PRODUCT_ID, UPDATE_TIME) values (546, 791,1000, 7724, sysdate, 75, 63, sysdate);
insert into option_set (ORDER_COUNT, STOCK,total_price, VIEW_COUNT, CREATE_TIME, ID, PRODUCT_ID, UPDATE_TIME) values (717, 945,1000, 3336, sysdate, 76, 64, sysdate);
insert into option_set (ORDER_COUNT, STOCK,total_price, VIEW_COUNT, CREATE_TIME, ID, PRODUCT_ID, UPDATE_TIME) values (442, 896, 1000,841, sysdate, 77, 65, sysdate);
insert into option_set (ORDER_COUNT, STOCK,total_price, VIEW_COUNT, CREATE_TIME, ID, PRODUCT_ID, UPDATE_TIME) values (741, 420,1000, 704, sysdate, 78, 66, sysdate);
insert into option_set (ORDER_COUNT, STOCK,total_price, VIEW_COUNT, CREATE_TIME, ID, PRODUCT_ID, UPDATE_TIME) values (973, 592,1000, 1734, sysdate, 79, 67, sysdate);
insert into option_set (ORDER_COUNT, STOCK,total_price, VIEW_COUNT, CREATE_TIME, ID, PRODUCT_ID, UPDATE_TIME) values (157, 211,1000, 6011, sysdate, 80, 68, sysdate);
insert into option_set (ORDER_COUNT, STOCK,total_price, VIEW_COUNT, CREATE_TIME, ID, PRODUCT_ID, UPDATE_TIME) values (26, 90,1000, 7778, sysdate, 81, 68, sysdate);
insert into option_set (ORDER_COUNT, STOCK,total_price, VIEW_COUNT, CREATE_TIME, ID, PRODUCT_ID, UPDATE_TIME) values (376, 210,1000, 1735, sysdate, 82, 69, sysdate);
insert into option_set (ORDER_COUNT, STOCK,total_price, VIEW_COUNT, CREATE_TIME, ID, PRODUCT_ID, UPDATE_TIME) values (595, 487,1000, 8070, sysdate, 83, 70, sysdate);
insert into option_set (ORDER_COUNT, STOCK,total_price, VIEW_COUNT, CREATE_TIME, ID, PRODUCT_ID, UPDATE_TIME) values (975, 621,1000, 5096, sysdate, 84, 71, sysdate);
insert into option_set (ORDER_COUNT, STOCK,total_price, VIEW_COUNT, CREATE_TIME, ID, PRODUCT_ID, UPDATE_TIME) values (176, 902,1000, 854, sysdate, 85, 72, sysdate);
insert into option_set (ORDER_COUNT, STOCK,total_price, VIEW_COUNT, CREATE_TIME, ID, PRODUCT_ID, UPDATE_TIME) values (139, 587,1000, 4762, sysdate, 86, 73, sysdate);
insert into option_set (ORDER_COUNT, STOCK,total_price, VIEW_COUNT, CREATE_TIME, ID, PRODUCT_ID, UPDATE_TIME) values (726, 859,1000, 6504, sysdate, 87, 74, sysdate);
insert into option_set (ORDER_COUNT, STOCK,total_price, VIEW_COUNT, CREATE_TIME, ID, PRODUCT_ID, UPDATE_TIME) values (512, 386, 1000,3620, sysdate, 88, 74, sysdate);
insert into option_set (ORDER_COUNT, STOCK,total_price, VIEW_COUNT, CREATE_TIME, ID, PRODUCT_ID, UPDATE_TIME) values (31, 647,1000, 7162, sysdate, 89, 75, sysdate);
insert into option_set (ORDER_COUNT, STOCK,total_price, VIEW_COUNT, CREATE_TIME, ID, PRODUCT_ID, UPDATE_TIME) values (283, 520,1000, 2503, sysdate, 90, 76, sysdate);
insert into option_set (ORDER_COUNT, STOCK,total_price, VIEW_COUNT, CREATE_TIME, ID, PRODUCT_ID, UPDATE_TIME) values (360, 51, 1000,5870, sysdate, 91, 77, sysdate);
insert into option_set (ORDER_COUNT, STOCK,total_price, VIEW_COUNT, CREATE_TIME, ID, PRODUCT_ID, UPDATE_TIME) values (43, 863, 1000,6787, sysdate, 92, 77, sysdate);
insert into option_set (ORDER_COUNT, STOCK,total_price, VIEW_COUNT, CREATE_TIME, ID, PRODUCT_ID, UPDATE_TIME) values (26, 721, 1000,1395, sysdate, 93, 78, sysdate);
insert into option_set (ORDER_COUNT, STOCK,total_price, VIEW_COUNT, CREATE_TIME, ID, PRODUCT_ID, UPDATE_TIME) values (900, 215, 1000,5579, sysdate, 94, 78, sysdate);
insert into option_set (ORDER_COUNT, STOCK,total_price, VIEW_COUNT, CREATE_TIME, ID, PRODUCT_ID, UPDATE_TIME) values (963, 643, 1000,3284, sysdate, 95, 79, sysdate);
insert into option_set (ORDER_COUNT, STOCK,total_price, VIEW_COUNT, CREATE_TIME, ID, PRODUCT_ID, UPDATE_TIME) values (60, 419, 1000,6244, sysdate, 96, 79, sysdate);
insert into option_set (ORDER_COUNT, STOCK,total_price, VIEW_COUNT, CREATE_TIME, ID, PRODUCT_ID, UPDATE_TIME) values (568, 312,1000, 5668, sysdate, 97, 80, sysdate);
insert into option_set (ORDER_COUNT, STOCK,total_price, VIEW_COUNT, CREATE_TIME, ID, PRODUCT_ID, UPDATE_TIME) values (47, 690, 1000,6798, sysdate, 98, 80, sysdate);
insert into option_set (ORDER_COUNT, STOCK,total_price, VIEW_COUNT, CREATE_TIME, ID, PRODUCT_ID, UPDATE_TIME) values (569, 132,1000, 353, sysdate, 99, 80, sysdate);
insert into option_set (ORDER_COUNT, STOCK,total_price, VIEW_COUNT, CREATE_TIME, ID, PRODUCT_ID, UPDATE_TIME) values (996, 708, 1000,5738, sysdate, 100, 80, sysdate);
//options
insert into options (EXTRA_PRICE, ID, OPTION_SET_ID, NAME, VALUE) values (329, 1, 1, 'os', 'windows11');
insert into options (EXTRA_PRICE, ID, OPTION_SET_ID, NAME, VALUE) values (654, 2, 1, 'ram', '16');
insert into options (EXTRA_PRICE, ID, OPTION_SET_ID, NAME, VALUE) values (367, 3, 1, 'cpu', 'i5');
insert into options (EXTRA_PRICE, ID, OPTION_SET_ID, NAME, VALUE) values (798, 4, 1, 'gb', '512');
insert into options (EXTRA_PRICE, ID, OPTION_SET_ID, NAME, VALUE) values (329, 5, 2, 'os', 'windows10');
insert into options (EXTRA_PRICE, ID, OPTION_SET_ID, NAME, VALUE) values (654, 6, 2, 'ram', '16');
insert into options (EXTRA_PRICE, ID, OPTION_SET_ID, NAME, VALUE) values (367, 7, 2, 'cpu', 'i5');
insert into options (EXTRA_PRICE, ID, OPTION_SET_ID, NAME, VALUE) values (798, 8, 2, 'gb', '512');
insert into options (EXTRA_PRICE, ID, OPTION_SET_ID, NAME, VALUE) values (329, 9, 3, 'os', 'windows11');
insert into options (EXTRA_PRICE, ID, OPTION_SET_ID, NAME, VALUE) values (654, 10, 3, 'ram', '16');
insert into options (EXTRA_PRICE, ID, OPTION_SET_ID, NAME, VALUE) values (367, 11, 3, 'cpu', 'i7');
insert into options (EXTRA_PRICE, ID, OPTION_SET_ID, NAME, VALUE) values (798, 12, 3, 'gb', '512');
insert into options (EXTRA_PRICE, ID, OPTION_SET_ID, NAME, VALUE) values (329, 13, 4, 'os', 'windows11');
insert into options (EXTRA_PRICE, ID, OPTION_SET_ID, NAME, VALUE) values (654, 14, 4, 'ram', '16');
insert into options (EXTRA_PRICE, ID, OPTION_SET_ID, NAME, VALUE) values (367, 15, 4, 'cpu', 'i5');
insert into options (EXTRA_PRICE, ID, OPTION_SET_ID, NAME, VALUE) values (798, 16, 4, 'gb', '256');
insert into options (EXTRA_PRICE, ID, OPTION_SET_ID, NAME, VALUE) values (329, 17, 5, 'os', 'windows10');
insert into options (EXTRA_PRICE, ID, OPTION_SET_ID, NAME, VALUE) values (654, 18, 5, 'ram', '16');
insert into options (EXTRA_PRICE, ID, OPTION_SET_ID, NAME, VALUE) values (367, 19, 5, 'cpu', 'i5');
insert into options (EXTRA_PRICE, ID, OPTION_SET_ID, NAME, VALUE) values (798, 20, 5, 'gb', '256');
insert into options (EXTRA_PRICE, ID, OPTION_SET_ID, NAME, VALUE) values (329, 21, 6, 'os', 'windows11');
insert into options (EXTRA_PRICE, ID, OPTION_SET_ID, NAME, VALUE) values (654, 22, 6, 'ram', '16');
insert into options (EXTRA_PRICE, ID, OPTION_SET_ID, NAME, VALUE) values (367, 23, 6, 'cpu', 'i7');
insert into options (EXTRA_PRICE, ID, OPTION_SET_ID, NAME, VALUE) values (798, 24, 6, 'gb', '256');
insert into options (EXTRA_PRICE, ID, OPTION_SET_ID, NAME, VALUE) values (329, 25, 7, 'os', 'windows11');
insert into options (EXTRA_PRICE, ID, OPTION_SET_ID, NAME, VALUE) values (654, 26, 7, 'ram', '16');
insert into options (EXTRA_PRICE, ID, OPTION_SET_ID, NAME, VALUE) values (367, 27, 7, 'cpu', 'i7');
insert into options (EXTRA_PRICE, ID, OPTION_SET_ID, NAME, VALUE) values (798, 28, 7, 'gb', '256');
insert into options (EXTRA_PRICE, ID, OPTION_SET_ID, NAME, VALUE) values (329, 29, 8, 'os', 'windows11');
insert into options (EXTRA_PRICE, ID, OPTION_SET_ID, NAME, VALUE) values (654, 30, 8, 'ram', '16');
insert into options (EXTRA_PRICE, ID, OPTION_SET_ID, NAME, VALUE) values (367, 31, 8, 'cpu', 'i5');
insert into options (EXTRA_PRICE, ID, OPTION_SET_ID, NAME, VALUE) values (798, 32, 8, 'gb', '256');
insert into options (EXTRA_PRICE, ID, OPTION_SET_ID, NAME, VALUE) values (329, 33, 9, 'os', 'windows11');
insert into options (EXTRA_PRICE, ID, OPTION_SET_ID, NAME, VALUE) values (654, 34, 9, 'ram', '16');
insert into options (EXTRA_PRICE, ID, OPTION_SET_ID, NAME, VALUE) values (367, 35, 9, 'cpu', 'i5');
insert into options (EXTRA_PRICE, ID, OPTION_SET_ID, NAME, VALUE) values (798, 36, 9, 'gb', '256');
insert into options (EXTRA_PRICE, ID, OPTION_SET_ID, NAME, VALUE) values (329, 37, 10, 'os', 'windows10');
insert into options (EXTRA_PRICE, ID, OPTION_SET_ID, NAME, VALUE) values (654, 38, 10, 'ram', '16');
insert into options (EXTRA_PRICE, ID, OPTION_SET_ID, NAME, VALUE) values (367, 39, 10, 'cpu', 'i5');
insert into options (EXTRA_PRICE, ID, OPTION_SET_ID, NAME, VALUE) values (798, 40, 10, 'gb', '256');
insert into options (EXTRA_PRICE, ID, OPTION_SET_ID, NAME, VALUE) values (329, 41, 11, 'os', 'windows11');
insert into options (EXTRA_PRICE, ID, OPTION_SET_ID, NAME, VALUE) values (654, 42, 11, 'ram', '16');
insert into options (EXTRA_PRICE, ID, OPTION_SET_ID, NAME, VALUE) values (367, 43, 11, 'cpu', 'i7');
insert into options (EXTRA_PRICE, ID, OPTION_SET_ID, NAME, VALUE) values (798, 44, 11, 'gb', '256');
insert into options (EXTRA_PRICE, ID, OPTION_SET_ID, NAME, VALUE) values (329, 45, 12, 'os', 'windows11');
insert into options (EXTRA_PRICE, ID, OPTION_SET_ID, NAME, VALUE) values (654, 46, 12, 'ram', '16');
insert into options (EXTRA_PRICE, ID, OPTION_SET_ID, NAME, VALUE) values (367, 47, 12, 'cpu', 'i5');
insert into options (EXTRA_PRICE, ID, OPTION_SET_ID, NAME, VALUE) values (798, 48, 12, 'gb', '256');
insert into options (EXTRA_PRICE, ID, OPTION_SET_ID, NAME, VALUE) values (329, 49, 13, 'os', 'windows11');
insert into options (EXTRA_PRICE, ID, OPTION_SET_ID, NAME, VALUE) values (654, 50, 13, 'ram', '16');
insert into options (EXTRA_PRICE, ID, OPTION_SET_ID, NAME, VALUE) values (367, 51, 13, 'cpu', 'i5');
insert into options (EXTRA_PRICE, ID, OPTION_SET_ID, NAME, VALUE) values (798, 52, 13, 'gb', '512');
insert into options (EXTRA_PRICE, ID, OPTION_SET_ID, NAME, VALUE) values (329, 53, 14, 'os', 'windows10');
insert into options (EXTRA_PRICE, ID, OPTION_SET_ID, NAME, VALUE) values (654, 54, 14, 'ram', '16');
insert into options (EXTRA_PRICE, ID, OPTION_SET_ID, NAME, VALUE) values (367, 55, 14, 'cpu', 'i5');
insert into options (EXTRA_PRICE, ID, OPTION_SET_ID, NAME, VALUE) values (798, 56, 14, 'gb', '512');
insert into options (EXTRA_PRICE, ID, OPTION_SET_ID, NAME, VALUE) values (329, 57, 15, 'os', 'windows11');
insert into options (EXTRA_PRICE, ID, OPTION_SET_ID, NAME, VALUE) values (654, 58, 15, 'ram', '16');
insert into options (EXTRA_PRICE, ID, OPTION_SET_ID, NAME, VALUE) values (367, 59, 15, 'cpu', 'i7');
insert into options (EXTRA_PRICE, ID, OPTION_SET_ID, NAME, VALUE) values (798, 60, 15, 'gb', '512');
insert into options (EXTRA_PRICE, ID, OPTION_SET_ID, NAME, VALUE) values (329, 61, 16, 'os', 'windows11');
insert into options (EXTRA_PRICE, ID, OPTION_SET_ID, NAME, VALUE) values (654, 62, 16, 'ram', '16');
insert into options (EXTRA_PRICE, ID, OPTION_SET_ID, NAME, VALUE) values (367, 63, 16, 'cpu', 'i7');
insert into options (EXTRA_PRICE, ID, OPTION_SET_ID, NAME, VALUE) values (798, 64, 16, 'gb', '256');
insert into options (EXTRA_PRICE, ID, OPTION_SET_ID, NAME, VALUE) values (329, 65, 17, 'os', 'windows11');
insert into options (EXTRA_PRICE, ID, OPTION_SET_ID, NAME, VALUE) values (654, 66, 17, 'ram', '16');
insert into options (EXTRA_PRICE, ID, OPTION_SET_ID, NAME, VALUE) values (367, 67, 17, 'cpu', 'i5');
insert into options (EXTRA_PRICE, ID, OPTION_SET_ID, NAME, VALUE) values (798, 68, 17, 'gb', '256');
insert into options (EXTRA_PRICE, ID, OPTION_SET_ID, NAME, VALUE) values (329, 69, 18, 'os', 'windows11');
insert into options (EXTRA_PRICE, ID, OPTION_SET_ID, NAME, VALUE) values (654, 70, 18, 'ram', '16');
insert into options (EXTRA_PRICE, ID, OPTION_SET_ID, NAME, VALUE) values (367, 71, 18, 'cpu', 'i7');
insert into options (EXTRA_PRICE, ID, OPTION_SET_ID, NAME, VALUE) values (798, 72, 18, 'gb', '256');
insert into options (EXTRA_PRICE, ID, OPTION_SET_ID, NAME, VALUE) values (329, 73, 19, 'os', 'windows11');
insert into options (EXTRA_PRICE, ID, OPTION_SET_ID, NAME, VALUE) values (654, 74, 19, 'ram', '16');
insert into options (EXTRA_PRICE, ID, OPTION_SET_ID, NAME, VALUE) values (367, 75, 19, 'cpu', 'i5');
insert into options (EXTRA_PRICE, ID, OPTION_SET_ID, NAME, VALUE) values (798, 76, 19, 'gb', '256');
insert into options (EXTRA_PRICE, ID, OPTION_SET_ID, NAME, VALUE) values (329, 77, 20, 'os', 'windows11');
insert into options (EXTRA_PRICE, ID, OPTION_SET_ID, NAME, VALUE) values (654, 78, 20, 'ram', '16');
insert into options (EXTRA_PRICE, ID, OPTION_SET_ID, NAME, VALUE) values (367, 79, 20, 'cpu', 'i5');
insert into options (EXTRA_PRICE, ID, OPTION_SET_ID, NAME, VALUE) values (798, 80, 20, 'gb', '256');
insert into options (EXTRA_PRICE, ID, OPTION_SET_ID, NAME, VALUE) values (329, 81, 21, 'os', 'windows11');
insert into options (EXTRA_PRICE, ID, OPTION_SET_ID, NAME, VALUE) values (654, 82, 21, 'ram', '16');
insert into options (EXTRA_PRICE, ID, OPTION_SET_ID, NAME, VALUE) values (367, 83, 21, 'cpu', 'i7');
insert into options (EXTRA_PRICE, ID, OPTION_SET_ID, NAME, VALUE) values (798, 84, 21, 'gb', '256');
insert into options (EXTRA_PRICE, ID, OPTION_SET_ID, NAME, VALUE) values (329, 85, 22, 'os', 'windows11');
insert into options (EXTRA_PRICE, ID, OPTION_SET_ID, NAME, VALUE) values (654, 86, 22, 'ram', '16');
insert into options (EXTRA_PRICE, ID, OPTION_SET_ID, NAME, VALUE) values (367, 87, 22, 'cpu', 'i5');
insert into options (EXTRA_PRICE, ID, OPTION_SET_ID, NAME, VALUE) values (798, 88, 22, 'gb', '256');
insert into options (EXTRA_PRICE, ID, OPTION_SET_ID, NAME, VALUE) values (329, 89, 23, 'os', 'windows11');
insert into options (EXTRA_PRICE, ID, OPTION_SET_ID, NAME, VALUE) values (654, 90, 23, 'ram', '16');
insert into options (EXTRA_PRICE, ID, OPTION_SET_ID, NAME, VALUE) values (367, 91, 23, 'cpu', 'i5');
insert into options (EXTRA_PRICE, ID, OPTION_SET_ID, NAME, VALUE) values (798, 92, 23, 'gb', '256');
insert into options (EXTRA_PRICE, ID, OPTION_SET_ID, NAME, VALUE) values (329, 93, 24, 'os', 'windows11');
insert into options (EXTRA_PRICE, ID, OPTION_SET_ID, NAME, VALUE) values (654, 94, 24, 'ram', '16');
insert into options (EXTRA_PRICE, ID, OPTION_SET_ID, NAME, VALUE) values (367, 95, 24, 'cpu', 'i5');
insert into options (EXTRA_PRICE, ID, OPTION_SET_ID, NAME, VALUE) values (798, 96, 24, 'gb', '256');
insert into options (EXTRA_PRICE, ID, OPTION_SET_ID, NAME, VALUE) values (329, 97, 25, 'os', 'windows11');
insert into options (EXTRA_PRICE, ID, OPTION_SET_ID, NAME, VALUE) values (654, 98, 25, 'ram', '16');
insert into options (EXTRA_PRICE, ID, OPTION_SET_ID, NAME, VALUE) values (367, 99, 25, 'cpu', 'i5');
insert into options (EXTRA_PRICE, ID, OPTION_SET_ID, NAME, VALUE) values (798, 100, 25, 'gb', '256');
insert into options (EXTRA_PRICE, ID, OPTION_SET_ID, NAME, VALUE) values (329, 101, 26, 'os', 'windows11');
insert into options (EXTRA_PRICE, ID, OPTION_SET_ID, NAME, VALUE) values (654, 102, 26, 'ram', '16');
insert into options (EXTRA_PRICE, ID, OPTION_SET_ID, NAME, VALUE) values (367, 103, 26, 'cpu', 'i5');
insert into options (EXTRA_PRICE, ID, OPTION_SET_ID, NAME, VALUE) values (798, 104, 26, 'gb', '256');
insert into options (EXTRA_PRICE, ID, OPTION_SET_ID, NAME, VALUE) values (329, 105, 27, 'os', 'windows11');
insert into options (EXTRA_PRICE, ID, OPTION_SET_ID, NAME, VALUE) values (654, 106, 27, 'ram', '16');
insert into options (EXTRA_PRICE, ID, OPTION_SET_ID, NAME, VALUE) values (367, 107, 27, 'cpu', 'i5');
insert into options (EXTRA_PRICE, ID, OPTION_SET_ID, NAME, VALUE) values (798, 108, 27, 'gb', '256');
insert into options (EXTRA_PRICE, ID, OPTION_SET_ID, NAME, VALUE) values (329, 109, 28, 'os', 'windows11');
insert into options (EXTRA_PRICE, ID, OPTION_SET_ID, NAME, VALUE) values (654, 110, 28, 'ram', '16');
insert into options (EXTRA_PRICE, ID, OPTION_SET_ID, NAME, VALUE) values (367, 111, 28, 'cpu', 'i5');
insert into options (EXTRA_PRICE, ID, OPTION_SET_ID, NAME, VALUE) values (798, 112, 28, 'gb', '256');
insert into options (EXTRA_PRICE, ID, OPTION_SET_ID, NAME, VALUE) values (329, 113, 29, 'os', 'windows11');
insert into options (EXTRA_PRICE, ID, OPTION_SET_ID, NAME, VALUE) values (654, 114, 29, 'ram', '16');
insert into options (EXTRA_PRICE, ID, OPTION_SET_ID, NAME, VALUE) values (367, 115, 29, 'cpu', 'i5');
insert into options (EXTRA_PRICE, ID, OPTION_SET_ID, NAME, VALUE) values (798, 116, 29, 'gb', '256');
insert into options (EXTRA_PRICE, ID, OPTION_SET_ID, NAME, VALUE) values (329, 117, 30, 'os', 'windows11');
insert into options (EXTRA_PRICE, ID, OPTION_SET_ID, NAME, VALUE) values (654, 118, 30, 'ram', '16');
insert into options (EXTRA_PRICE, ID, OPTION_SET_ID, NAME, VALUE) values (367, 119, 30, 'cpu', 'i5');
insert into options (EXTRA_PRICE, ID, OPTION_SET_ID, NAME, VALUE) values (798, 120, 30, 'gb', '256');
insert into options (EXTRA_PRICE, ID, OPTION_SET_ID, NAME, VALUE) values (329, 121, 31, 'os', 'windows11');
insert into options (EXTRA_PRICE, ID, OPTION_SET_ID, NAME, VALUE) values (654, 122, 31, 'ram', '16');
insert into options (EXTRA_PRICE, ID, OPTION_SET_ID, NAME, VALUE) values (367, 123, 31, 'cpu', 'i5');
insert into options (EXTRA_PRICE, ID, OPTION_SET_ID, NAME, VALUE) values (798, 124, 31, 'gb', '256');
insert into options (EXTRA_PRICE, ID, OPTION_SET_ID, NAME, VALUE) values (329, 125, 32, 'os', 'windows11');
insert into options (EXTRA_PRICE, ID, OPTION_SET_ID, NAME, VALUE) values (654, 126, 32, 'ram', '16');
insert into options (EXTRA_PRICE, ID, OPTION_SET_ID, NAME, VALUE) values (367, 127, 32, 'cpu', 'i5');
insert into options (EXTRA_PRICE, ID, OPTION_SET_ID, NAME, VALUE) values (798, 128, 32, 'gb', '256');
insert into options (EXTRA_PRICE, ID, OPTION_SET_ID, NAME, VALUE) values (329, 129, 33, 'os', 'windows11');
insert into options (EXTRA_PRICE, ID, OPTION_SET_ID, NAME, VALUE) values (654, 130, 33, 'ram', '16');
insert into options (EXTRA_PRICE, ID, OPTION_SET_ID, NAME, VALUE) values (367, 131, 33, 'cpu', 'i5');
insert into options (EXTRA_PRICE, ID, OPTION_SET_ID, NAME, VALUE) values (798, 132, 33, 'gb', '256');

//recentview
insert into recent_view values(sysdate, 1, 1, 1, sysdate);
insert into recent_view values(sysdate, 2, 1, 2, sysdate);
insert into recent_view values(sysdate, 3, 1, 3, sysdate);
insert into recent_view values(sysdate, 4, 1, 4, sysdate);
insert into recent_view values(sysdate, 5, 1, 5, sysdate);
insert into recent_view values(sysdate, 6, 1, 6, sysdate);
insert into recent_view values(sysdate, 7, 2, 8, sysdate);
insert into recent_view values(sysdate, 8, 2, 1, sysdate);
insert into recent_view values(sysdate, 9, 2, 2, sysdate);
insert into recent_view values(sysdate, 10, 2, 3, sysdate);
insert into recent_view values(sysdate, 11, 2, 9, sysdate);
insert into recent_view values(sysdate, 12, 3, 1, sysdate);
insert into recent_view values(sysdate, 13, 3, 6, sysdate);
//interest
insert into interest values(sysdate, 1, 1, 1, sysdate);
insert into interest values(sysdate, 2, 1, 2, sysdate);
insert into interest values(sysdate, 3, 1, 3, sysdate);
insert into interest values(sysdate, 4, 1, 4, sysdate);
insert into interest values(sysdate, 5, 1, 5, sysdate);
insert into interest values(sysdate, 6, 1, 6, sysdate);
insert into interest values(sysdate, 7, 2, 8, sysdate);
insert into interest values(sysdate, 8, 2, 1, sysdate);
insert into interest values(sysdate, 9, 2, 2, sysdate);
insert into interest values(sysdate, 10, 2, 3, sysdate);
insert into interest values(sysdate, 11, 2, 9, sysdate);
insert into interest values(sysdate, 12, 3, 1, sysdate);
insert into interest values(sysdate, 13, 3, 6, sysdate);